-- MySQL dump 10.13  Distrib 5.7.21, for Win64 (x86_64)
--
-- Host: localhost    Database: db_clipping
-- ------------------------------------------------------
-- Server version	5.7.21-log

/*!40101 SET @OLD_CHARACTER_SET_CLIENT=@@CHARACTER_SET_CLIENT */;
/*!40101 SET @OLD_CHARACTER_SET_RESULTS=@@CHARACTER_SET_RESULTS */;
/*!40101 SET @OLD_COLLATION_CONNECTION=@@COLLATION_CONNECTION */;
/*!40101 SET NAMES utf8 */;
/*!40103 SET @OLD_TIME_ZONE=@@TIME_ZONE */;
/*!40103 SET TIME_ZONE='+00:00' */;
/*!40014 SET @OLD_UNIQUE_CHECKS=@@UNIQUE_CHECKS, UNIQUE_CHECKS=0 */;
/*!40014 SET @OLD_FOREIGN_KEY_CHECKS=@@FOREIGN_KEY_CHECKS, FOREIGN_KEY_CHECKS=0 */;
/*!40101 SET @OLD_SQL_MODE=@@SQL_MODE, SQL_MODE='NO_AUTO_VALUE_ON_ZERO' */;
/*!40111 SET @OLD_SQL_NOTES=@@SQL_NOTES, SQL_NOTES=0 */;

--
-- Table structure for table `migrations`
--

DROP TABLE IF EXISTS `migrations`;
/*!40101 SET @saved_cs_client     = @@character_set_client */;
/*!40101 SET character_set_client = utf8 */;
CREATE TABLE `migrations` (
  `id` int(10) unsigned NOT NULL AUTO_INCREMENT,
  `migration` varchar(255) COLLATE utf8mb4_unicode_ci NOT NULL,
  `batch` int(11) NOT NULL,
  PRIMARY KEY (`id`)
) ENGINE=InnoDB AUTO_INCREMENT=7 DEFAULT CHARSET=utf8mb4 COLLATE=utf8mb4_unicode_ci;
/*!40101 SET character_set_client = @saved_cs_client */;

--
-- Dumping data for table `migrations`
--

LOCK TABLES `migrations` WRITE;
/*!40000 ALTER TABLE `migrations` DISABLE KEYS */;
INSERT INTO `migrations` VALUES (1,'2014_10_12_000000_create_users_table',1),(2,'2014_10_12_100000_create_password_resets_table',1),(3,'2018_02_22_224333_create_clippings_table',1),(4,'2018_02_22_224343_create_noticias_table',1),(5,'2018_02_22_224406_create_orientacaos_table',1),(6,'2018_02_22_224428_create_legislacaos_table',1);
/*!40000 ALTER TABLE `migrations` ENABLE KEYS */;
UNLOCK TABLES;

--
-- Table structure for table `password_resets`
--

DROP TABLE IF EXISTS `password_resets`;
/*!40101 SET @saved_cs_client     = @@character_set_client */;
/*!40101 SET character_set_client = utf8 */;
CREATE TABLE `password_resets` (
  `email` varchar(255) COLLATE utf8mb4_unicode_ci NOT NULL,
  `token` varchar(255) COLLATE utf8mb4_unicode_ci NOT NULL,
  `created_at` timestamp NULL DEFAULT NULL,
  KEY `password_resets_email_index` (`email`)
) ENGINE=InnoDB DEFAULT CHARSET=utf8mb4 COLLATE=utf8mb4_unicode_ci;
/*!40101 SET character_set_client = @saved_cs_client */;

--
-- Dumping data for table `password_resets`
--

LOCK TABLES `password_resets` WRITE;
/*!40000 ALTER TABLE `password_resets` DISABLE KEYS */;
/*!40000 ALTER TABLE `password_resets` ENABLE KEYS */;
UNLOCK TABLES;

--
-- Table structure for table `tb_clipping`
--

DROP TABLE IF EXISTS `tb_clipping`;
/*!40101 SET @saved_cs_client     = @@character_set_client */;
/*!40101 SET character_set_client = utf8 */;
CREATE TABLE `tb_clipping` (
  `id` int(10) unsigned NOT NULL AUTO_INCREMENT,
  `data` date NOT NULL,
  `numero` int(11) NOT NULL,
  `ano` int(11) NOT NULL,
  `autor` varchar(255) COLLATE utf8mb4_unicode_ci NOT NULL,
  `created_at` timestamp NULL DEFAULT NULL,
  `updated_at` timestamp NULL DEFAULT NULL,
  PRIMARY KEY (`id`)
) ENGINE=InnoDB AUTO_INCREMENT=13 DEFAULT CHARSET=utf8mb4 COLLATE=utf8mb4_unicode_ci;
/*!40101 SET character_set_client = @saved_cs_client */;

--
-- Dumping data for table `tb_clipping`
--

LOCK TABLES `tb_clipping` WRITE;
/*!40000 ALTER TABLE `tb_clipping` DISABLE KEYS */;
INSERT INTO `tb_clipping` VALUES (2,'2017-05-12',1,1,'Hygor Christian','2018-03-05 18:46:48','2018-03-05 18:46:48'),(4,'2017-05-31',2,1,'Hygor Christian','2018-03-05 19:09:17','2018-03-05 19:09:17'),(5,'2017-06-07',3,1,'Hygor Christian','2018-03-05 19:30:26','2018-03-05 19:30:26'),(6,'2017-06-16',4,1,'Hygor Christian','2018-03-05 20:08:10','2018-03-05 21:00:46'),(7,'2017-07-07',5,1,'Hygor Christian','2018-03-05 21:28:11','2018-03-05 21:28:11'),(9,'2017-07-18',6,1,'Hygor Christian','2018-03-05 21:44:31','2018-03-05 21:44:31'),(10,'2017-07-24',7,1,'Hygor Christian','2018-03-05 22:06:53','2018-03-05 22:06:53'),(11,'2017-08-01',8,1,'Hygor Christian','2018-03-05 22:13:42','2018-03-05 22:13:42'),(12,'2017-08-16',9,1,'Hygor Christian','2018-03-05 22:22:29','2018-03-05 22:22:29');
/*!40000 ALTER TABLE `tb_clipping` ENABLE KEYS */;
UNLOCK TABLES;

--
-- Table structure for table `tb_legislacao`
--

DROP TABLE IF EXISTS `tb_legislacao`;
/*!40101 SET @saved_cs_client     = @@character_set_client */;
/*!40101 SET character_set_client = utf8 */;
CREATE TABLE `tb_legislacao` (
  `id` int(10) unsigned NOT NULL AUTO_INCREMENT,
  `texto` varchar(1000) COLLATE utf8mb4_unicode_ci NOT NULL,
  `clipping_id` int(10) unsigned NOT NULL,
  `created_at` timestamp NULL DEFAULT NULL,
  `updated_at` timestamp NULL DEFAULT NULL,
  PRIMARY KEY (`id`),
  KEY `tb_legislacao_clipping_id_foreign` (`clipping_id`),
  CONSTRAINT `tb_legislacao_clipping_id_foreign` FOREIGN KEY (`clipping_id`) REFERENCES `tb_clipping` (`id`) ON DELETE CASCADE
) ENGINE=InnoDB AUTO_INCREMENT=12 DEFAULT CHARSET=utf8mb4 COLLATE=utf8mb4_unicode_ci;
/*!40101 SET character_set_client = @saved_cs_client */;

--
-- Dumping data for table `tb_legislacao`
--

LOCK TABLES `tb_legislacao` WRITE;
/*!40000 ALTER TABLE `tb_legislacao` DISABLE KEYS */;
INSERT INTO `tb_legislacao` VALUES (2,'<p>TC-018.922/2013-9 (RELAT&Oacute;RIO DE<br>LEVANTAMENTO) - ACORD&Atilde;O N&deg;<br>970/2017 - TCU - Plen&aacute;rio<br>TC-020.641/2010-9 (PRESTA&Ccedil;&Atilde;O DE<br>CONTAS - Exerc&iacute;cio: 2009) - ACORD&Atilde;O N&deg;<br>3858/2017 - TCU - C&acirc;mara<br>TC-027.715/2015-9 (PRESTA&Ccedil;&Atilde;O DE<br>CONTAS - Exerc&iacute;cio: 2014) - ACORD&Atilde;O N&deg;<br>3953/2017 - TCU - 2&ordf; C&acirc;mara</p>',2,'2018-03-05 18:46:48','2018-03-05 18:46:48'),(4,'<p><a href=\"https://contas.tcu.gov.br/pls/apex/f?p=434:17:107248173124840:T:::P17_XCOD_REL_DET:6043\" rel=\"noopener noreferrer\" target=\"_blank\">Portaria‐Segecex</a> 10/2017, de 19/05/2017. Aprova o detalhamento das metas da Secretaria‐Geral de Controle Externo ﴾Segecex﴿ e das unidades a ela vinculadas para o Plano Diretor de 2017 e estabelece a forma de c&aacute;lculo do resultado do alcance das metas.</p>',4,'2018-03-05 19:09:18','2018-03-05 19:09:18'),(5,'<p><a href=\"https://contas.tcu.gov.br/ords/f?p=434:17:101903235407456:T:::P17_XCOD_REL_DET:6042\" rel=\"noopener noreferrer\" target=\"_blank\">PORTARIA‐SEGECEX N&ordm; 9, DE 18 DE MAIO DE 2017</a> ‐ O SECRET&Aacute;RIO‐GERAL DE CONTROLE EXTERNO, no uso de suas atribui&ccedil;&otilde;es e tendo em vista o disposto no art. 34, inciso III, da Resolu&ccedil;&atilde;o‐TCU n&ordm; 28</p>',5,'2018-03-05 19:30:26','2018-03-05 19:30:26'),(6,'<p>AC&Oacute;RD&Atilde;O N&ordm; 4829/2017 ‐ TC 016.863/2014‐3&nbsp;</p><p>AC&Oacute;RD&Atilde;O N&ordm; 4906/2017 ‐ TC‐024.661/2013‐9 ﴾PRESTA&Ccedil;&Atilde;O DE CONTAS ‐ Exerc&iacute;cio: 2012﴿&nbsp;</p><p>AC&Oacute;RD&Atilde;O N&ordm; 4953/2017 ‐ TC‐024.903/2014‐0 ﴾TOMADA DE CONTAS ESPECIAL﴿</p>',6,'2018-03-05 20:08:11','2018-03-05 20:08:11'),(7,'<p>ATA N&ordm; 21, DE 14 DE JUNHO DE 2017 Processo TC-014.728/2011-7 (MONITORAMENTO) - AC&Oacute;RD&Atilde;O N&ordm; 1209/2017 - TCU &ndash; Plen&aacute;rio</p>',7,'2018-03-05 21:28:11','2018-03-05 21:28:11'),(8,'<p><a href=\"http://www.tcu.gov.br/Consultas/Juris/Docs/CONSES/TCU_ATA_0_N_2017_24.pdf\" rel=\"noopener noreferrer\" target=\"_blank\">ATA N&ordm; 24, DE 28 DE JUNHO DE 2017</a></p><p>Processo TC-026.341/2015-8 (REPRESENTA&Ccedil;&Atilde;O) - AC&Oacute;RD&Atilde;O N&ordm; 1369/2017 - TCU &ndash; Plen&aacute;rio&nbsp;</p><p>Processo TC-004.389/2017-4 (REPRESENTA&Ccedil;&Atilde;O) - AC&Oacute;RD&Atilde;O N&ordm; 1377/2017 - TCU - Plen&aacute;rio&nbsp;</p><p>Processo TC 002.857/2014-6 - AC&Oacute;RD&Atilde;O N&ordm; 1343/2017 &ndash; TCU &ndash; Plen&aacute;rio</p>',9,'2018-03-05 21:44:32','2018-03-05 21:44:32'),(9,'<p><a href=\"http://portal.tcu.gov.br/lumis/portal/file/fileDownload.jsp?fileId=8A8182A14D8D5AA6014D8D82AA233CE3\" rel=\"noopener noreferrer\" target=\"_blank\">Portaria-Segecex n&ordm; 29/2010 - disciplina a realiza&ccedil;&atilde;o de inspe&ccedil;&otilde;es </a></p><p><a href=\"http://portal.tcu.gov.br/lumis/portal/file/fileDownload.jsp?fileId=8A8182A14D8D5AA6014D8D818571462B\" rel=\"noopener noreferrer\" target=\"_blank\">Portaria-Adplan 2/2010 - orienta&ccedil;&atilde;o para FOC</a></p>',10,'2018-03-05 22:06:53','2018-03-05 22:06:53'),(10,'<p><a href=\"https://contas.tcu.gov.br/pls/apex/f?p=434:17:103088453979621:T:::P17_XCOD_REL_DET:6182\" rel=\"noopener noreferrer\" target=\"_blank\">Memorando-Circular 38/2017</a> - Segecex, de 17/07/2017. Orienta&ccedil;&otilde;es para atua&ccedil;&atilde;o em situa&ccedil;&otilde;es que envolvem determina&ccedil;&otilde;es para desconto em folha fundamentadas no art. 28, inc. I, da Lei 8443/1992.</p>',11,'2018-03-05 22:13:42','2018-03-05 22:13:42'),(11,'<p>AC&Oacute;RD&Atilde;O N&ordm; 1467/2017 - TCU - Plen&aacute;rio TC-041.018/2012-5 (TOMADA DE CONTAS ESPECIAL)</p>',12,'2018-03-05 22:22:30','2018-03-05 22:22:30');
/*!40000 ALTER TABLE `tb_legislacao` ENABLE KEYS */;
UNLOCK TABLES;

--
-- Table structure for table `tb_noticia`
--

DROP TABLE IF EXISTS `tb_noticia`;
/*!40101 SET @saved_cs_client     = @@character_set_client */;
/*!40101 SET character_set_client = utf8 */;
CREATE TABLE `tb_noticia` (
  `id` int(10) unsigned NOT NULL AUTO_INCREMENT,
  `titulo` varchar(255) COLLATE utf8mb4_unicode_ci NOT NULL,
  `descricao` varchar(1000) COLLATE utf8mb4_unicode_ci DEFAULT NULL,
  `link` varchar(255) COLLATE utf8mb4_unicode_ci NOT NULL,
  `imagem` varchar(255) COLLATE utf8mb4_unicode_ci DEFAULT NULL,
  `clipping_id` int(10) unsigned NOT NULL,
  `created_at` timestamp NULL DEFAULT NULL,
  `updated_at` timestamp NULL DEFAULT NULL,
  PRIMARY KEY (`id`),
  KEY `tb_noticia_clipping_id_foreign` (`clipping_id`),
  CONSTRAINT `tb_noticia_clipping_id_foreign` FOREIGN KEY (`clipping_id`) REFERENCES `tb_clipping` (`id`) ON DELETE CASCADE
) ENGINE=InnoDB AUTO_INCREMENT=92 DEFAULT CHARSET=utf8mb4 COLLATE=utf8mb4_unicode_ci;
/*!40101 SET character_set_client = @saved_cs_client */;

--
-- Dumping data for table `tb_noticia`
--

LOCK TABLES `tb_noticia` WRITE;
/*!40000 ALTER TABLE `tb_noticia` DISABLE KEYS */;
INSERT INTO `tb_noticia` VALUES (10,'50 milhões de pessoas já perderam alguém assassinado no Brasil','<p>Pesquisa do F&oacute;rum Brasileiro de Seguran&ccedil;a P&uacute;blica mostra que um em cada tr&ecirc;s brasileiros j&aacute; perdeu amigo ou parente v&iacute;tima de homic&iacute;dio ou latroc&iacute;nio</p>','https://veja.abril.com.br/brasil/50-milhoes-de-pessoas-ja-perderam-alguem-assassinado-no-brasil/','https://abrilveja.files.wordpress.com/2017/04/divulgacao-policia-gaeco-rj-ilha-governador-vans.jpg?quality=70&strip=info&crop=true&w=680&h=453',2,'2018-03-05 18:46:48','2018-03-05 18:46:48'),(11,'Depen busca soluções inovadoras para construções das penitenciárias federais','<p>MJSP publica chamamento p&uacute;blico para a ind&uacute;stria da constru&ccedil;&atilde;o civil em busca de solu&ccedil;&otilde;es inovadoras que permitam a evolu&ccedil;&atilde;o do processo de constru&ccedil;&atilde;o das penitenci&aacute;rias federais</p>','http://www.justica.gov.br/news/depen-busca-solucoes-inovadoras-para-construcoes-das-penitenciarias-federais/view','http://www.justica.gov.br/news/depen-busca-solucoes-inovadoras-para-construcoes-das-penitenciarias-federais/prisoes_arquitetura.png/@@images/eaad6c49-d4e2-4656-94dc-fd268240d449.png',2,'2018-03-05 18:46:48','2018-03-05 18:46:48'),(12,'Sistema de comunicações seguras da FAB é testado em aeronaves da Marinha','<p>Depois de aeronaves do Ex&eacute;rcito Brasileiro, foi a vez de helic&oacute;pteros da Marinha do Brasil passarem por testes para uso do Sistema de Comunica&ccedil;&atilde;o Segura Link BR-1, da FAB.</p>','http://www.fab.mil.br/noticias/mostra/30171/OPERACIONAL%20-%20Sistema%20de%20comunica%C3%A7%C3%B5es%20seguras%20da%20FAB%20%C3%A9%20testado%20em%20aeronaves%20da%20Marinha','http://www.fab.mil.br/sis/enoticias/imagens/pub/34218/i17519144535114692.jpg',2,'2018-03-05 18:46:48','2018-03-05 18:46:48'),(13,'Defesa disponibiliza PND, END e LBDN para consulta pública','<p>J&aacute; est&aacute; dispon&iacute;vel no site Participa.br a Pol&iacute;tica Nacional de Defesa (PND), a Estrat&eacute;gia Nacional de Defesa (END) e o Livro Branco de Defesa Nacional (LBDN)</p>','http://www.defesa.gov.br/noticias/31104-defesa-disponibiliza-pnd-end-e-lbdn-para-consulta-publica','https://upload.wikimedia.org/wikipedia/commons/thumb/a/a2/Brasil_%287952311794%29.jpg/220px-Brasil_%287952311794%29.jpg',2,'2018-03-05 18:46:48','2018-03-05 18:46:48'),(14,'Helibras entrega dois H225M em maio',NULL,'http://www.helibras.com.br/website/po/press/Helibras-entrega-dois-H225M-em-maio_446.html',NULL,2,'2018-03-05 18:46:49','2018-03-05 18:46:49'),(15,'Pesquisa de vitimização e percepção de risco entre os profissionais do sistema de segurança pública',NULL,'http://www.forumseguranca.org.br/publicacoes/pesquisa-de-vitimizacao-e-percepcao-de-risco-entre-os-profissionais-do-sistema-de-seguranca-publica/',NULL,2,'2018-03-05 18:46:49','2018-03-05 18:46:49'),(22,'Depen suspende visitas no Sistema Penitenciário Federal por 30 dias','<p>Decis&atilde;o foi tomada pelo Departamento Penitenci&aacute;rio Nacional ﴾Depen﴿ ap&oacute;s o assassinato de uma servidora no dia 25 de maio e tamb&eacute;m depois da deflagra&ccedil;&atilde;o da Opera&ccedil;&atilde;o Ep&iacute;stola, da Pol&iacute;cia Federal</p>','http://www.justica.gov.br/news/depen-suspende-visitas-no-sistema-penitenciario-federal-por-30-dias/view','http://www.justica.gov.br/news/depen-suspende-visitas-no-sistema-penitenciario-federal-por-30-dias/peniternciaria.png',4,'2018-03-05 19:09:17','2018-03-05 19:09:17'),(23,'Criminalidade sobe na Grande São Paulo em abril, indica balanço','<p>A Secretaria de Seguran&ccedil;a P&uacute;blica aponta que houve redu&ccedil;&atilde;o em furtos e roubos em geral, mas homic&iacute;dios e latroc&iacute;nios aumentaram na regi&atilde;o</p>','https://veja.abril.com.br/brasil/criminalidade-sobe-na-grande-sao-paulo-em-abril-indica-balanco/','https://abrilveja.files.wordpress.com/2017/04/cong-244a9735.jpg',4,'2018-03-05 19:09:17','2018-03-05 19:09:17'),(24,'EMBRAER Confirma parceria com a SAAB no KC‐390','<p>O diretor de Intelig&ecirc;ncia de Mercado da EMBRAER Dimas Tomelin, confirmou com exclusividade para DefesaNet o avan&ccedil;o nas discuss&otilde;es com o grupo sueco SAAB</p>','http://www.defesanet.com.br/kc390/noticia/25945/EMBRAER-Confirma-parceria-com-a-SAAB-no-KC-390/','http://d30p9ca83oqyng.cloudfront.net/defesanet/site/upload/news_image/2017/04/35822_resize_620_380_true_false_null.jpg',4,'2018-03-05 19:09:17','2018-03-05 19:09:17'),(25,'Com detectores de metal, Exército e Sisp deflagram \'Operação Conde\' em presídio de Rio Branco','<p>Segundo general, devido &agrave; extens&atilde;o do Francisco d&#39;Oliveira Conde, a a&ccedil;&atilde;o deve ser prolongada nos pr&oacute;ximos dias. Opera&ccedil;&atilde;o tamb&eacute;m deve ocorrer em pres&iacute;dios no interior do estado.</p>','https://g1.globo.com/ac/acre/noticia/com-detectores-de-metal-exercito-e-sisp-deflagram-operacao-conde-em-presidio-de-rio-branco.ghtml','https://s2.glbimg.com/aG3ywrK1HPmsyKif26P9pc_lX30=/0x0:1920x1080/1000x0/smart/filters:strip_icc()/i.s3.glbimg.com/v1/AUTH_59edd422c0c84a879bd37670ae4f538a/internal_photos/bs/2017/z/X/apTlVASc6nfMJyCvKBOA/operacao4.jpg',4,'2018-03-05 19:09:17','2018-03-05 19:09:17'),(26,'Brasil é ouvido em audiência em corte da OEA sobre sistema prisional',NULL,'http://agenciabrasil.ebc.com.br/direitos-humanos/noticia/2017-05/brasil-e-ouvido-em-audiencia-em-corte-da-oea-sobre-sistema',NULL,4,'2018-03-05 19:09:18','2018-03-05 19:09:18'),(27,'Brasil promete à ONU reduzir em 10% o número de presos até 2019. É possível?',NULL,'https://www.nexojornal.com.br/expresso/2017/05/05/Brasil-promete-%C3%A0-ONU-reduzir-em-10-o-n%C3%BAmero-de-presos-at%C3%A9-2019.-%C3%89-poss%C3%ADvel',NULL,4,'2018-03-05 19:09:18','2018-03-05 19:09:18'),(28,'Taurus lança plataforma de armas na Brigada Militar do RS',NULL,'http://www.defesanet.com.br/armas/noticia/25885/Taurus-lanca-plataforma-de-armas-na-Brigada-Militar-do-RS/',NULL,4,'2018-03-05 19:09:18','2018-03-05 19:09:18'),(29,'Governo apresenta conjunto de ações de segurança para o Rio de Janeiro','<p>Planejamento reflete a integra&ccedil;&atilde;o entre a Uni&atilde;o e estados, sob as diretrizes estabelecidas no Plano Nacional de Seguran&ccedil;a</p>','http://www2.planalto.gov.br/acompanhe-planalto/noticias/2017/06/governo-apresenta-conjunto-de-acoes-de-seguranca-para-o-rio-de-janeiro','https://f.i.uol.com.br/fotografia/2018/02/27/15197010425a94cc321840e_1519701042_3x2_md.jpg',5,'2018-03-05 19:30:26','2018-03-05 19:30:26'),(30,'26 º contingente brasileiro realizará a fase final da MINUSTAH','<p>Em cerim&ocirc;nia realizada nesta sexta‐feira ﴾2﴿, na Base General Bacelar, em Porto Pr&iacute;ncipe, o 26&ordm; Contingente Brasileiro ﴾CONTBRAS﴿ na Miss&atilde;o das Na&ccedil;&otilde;es Unidas para Estabiliza&ccedil;&atilde;o no Haiti</p>','http://www.defesa.gov.br/noticias/31511-26-contingente-brasileiro-realizara-a-fase-final-da-minustah','http://www.defesa.gov.br/arquivos/2017/mes06/20170603_26_contbras_comandantes.jpg',5,'2018-03-05 19:30:26','2018-03-05 19:30:26'),(31,'CFN recebe novo modelo de Carros‐Lagarta Anδbios (CLAnf)','<p>O Corpo de Fuzileiros Navais ﴾CFN﴿ recebeu os dois primeiros Carros‐Lagarta Anf&iacute;bios ﴾CLAnf﴿ do padr&atilde;o Reliability, Availability, Maintainability/Rebuild to Standard ﴾RAM/RS﴿.</p>','http://www.defesanet.com.br/cfn/noticia/25974/CFN-recebe-novo-modelo-de-Carros-Lagarta-Anfibios-%28CLAnf%29/','http://d30p9ca83oqyng.cloudfront.net/defesanet/site/upload/news_image/2017/06/36641_resize_620_380_true_false_null.jpg',5,'2018-03-05 19:30:26','2018-03-05 19:30:26'),(32,'Modernização do Cascavel','<p>A Equitron, sediada em S&atilde;o Carlos ‐ SP, atua na constru&ccedil;&atilde;o de linhas de montagens para a ind&uacute;stria em geral, principalmente a automobil&iacute;stica.</p>','http://www.defesanet.com.br/guarani/noticia/25920/Modernizacao-do-Cascavel/','http://d30p9ca83oqyng.cloudfront.net/defesanet/site/upload/media/1496088822_article_3.jpg',5,'2018-03-05 19:30:26','2018-03-05 19:30:26'),(33,'Governo libera R$ 1,2 bi para construir presídios e modernizar sistema penal',NULL,'http://agenciabrasil.ebc.com.br/politica/noticia/2016-12/governo-libera-r-12-bi-para-construir-presidios-e-modernizar-sistema-penal',NULL,5,'2018-03-05 19:30:26','2018-03-05 19:30:26'),(34,'\'Não há política pública de segurança no Brasil\'',NULL,'http://jcrs.uol.com.br/_conteudo/2017/05/geral/565823-nao-ha-politica-publica-de-seguranca-no-brasil.html',NULL,5,'2018-03-05 19:30:27','2018-03-05 19:30:27'),(35,'Delegação da Índia visita o Brasil e conhece documentos e projetos estratégicos do MD',NULL,'http://www.defesanet.com.br/defesa/noticia/25941/Delegacao-da-India-visita-o-Brasil-e-conhece-documentos-e-projetos-estrategicos-do-MD/',NULL,5,'2018-03-05 19:30:27','2018-03-05 19:30:27'),(36,'Scanner e cães farejadores são usados para “limpeza” em presídio',NULL,'https://www.campograndenews.com.br/cidades/interior/scanner-e-caes-farejadores-sao-usados-para-limpeza-em-presidio',NULL,5,'2018-03-05 19:30:27','2018-03-05 19:30:27'),(37,'Menos de 1% das cadeias brasileiras tem classificação ideal, diz CNJ','<p>Apenas 10,7% das unidades foram consideradas em bom estado e 0,9% tidas como excelentes</p>','https://noticias.r7.com/brasil/menos-de-1-das-cadeias-brasileiras-tem-classificacao-ideal-diz-cnj-09062017','https://img.r7.com/images/2012/11/15/12_24_08_180_file?dimensions=460x305',6,'2018-03-05 20:08:10','2018-03-05 20:30:35'),(38,'Aracaju tem redução de 20% no número de homicídios em 2017','<p>Iniciado h&aacute; 103 dias, o Plano Nacional de Seguran&ccedil;a P&uacute;blica est&aacute; dando resultados em Aracaju ﴾SE﴿. A cidade alcan&ccedil;ou uma redu&ccedil;&atilde;o de 20,4% no n&uacute;mero de homic&iacute;dios</p>','http://www.justica.gov.br/news/aracaju-reduz-20-numero-de-homicidios-em-2017','http://www.justica.gov.br/news/aracaju-reduz-20-numero-de-homicidios-em-2017/fn-0206.jpg',6,'2018-03-05 20:08:10','2018-03-05 20:30:35'),(39,'Decreto nº 9.077 regulamenta mudanças nas organizações da FAB','<p>Foi publicado nesta sexta‐feira ﴾09/06﴿ no Di&aacute;rio Oficial da Uni&atilde;o o Decreto n&ordm; 9.077 que regulamenta o processo de reestrutura&ccedil;&atilde;o do Comando da Aeron&aacute;utica.</p>','https://forcamilitar.com.br/4327/decreto-no-9-077-regulamenta-mudancas-nas-organizacoes-da-fab/','https://forcamilitar.com.br/wp-content/uploads/2017/06/i176911120551934-567x381.jpg',6,'2018-03-05 20:08:10','2018-03-05 20:30:35'),(40,'A torre REMAX no Pelotão de Cavalaria Mecanizado','<p>O presente artigo aborda as diversas peculiaridades e possibilidades de emprego, pelos Pelot&otilde;es de Cavalaria Mecanizado ﴾Pel C Mec﴿,do novo Reparo para Metralhadora Automatizado X ﴾REMAX﴿.</p>','http://www.defesanet.com.br/guarani/noticia/25926/A-torre-REMAX-no-Pelotao-de-Cavalaria-Mecanizado/','http://d30p9ca83oqyng.cloudfront.net/defesanet/site/upload/news_image/2017/06/36657_resize_620_380_true_false_null.jpg',6,'2018-03-05 20:08:10','2018-03-05 20:30:35'),(41,'Mutirão do CNJ revoga quase 45 mil prisões temporárias em todo o País',NULL,'https://noticias.r7.com/brasil/mutirao-do-cnj-revoga-quase-45-mil-prisoes-temporarias-em-todo-o-pais-09062017',NULL,6,'2018-03-05 20:08:11','2018-03-05 20:08:11'),(42,'Governo do RS anuncia construção de presídio federal em Charqueadas',NULL,'http://g1.globo.com/rs/rio-grande-do-sul/noticia/2017/03/governo-do-rs-anuncia-construcao-de-presidio-federal-em-charqueadas.html',NULL,6,'2018-03-05 20:08:11','2018-03-05 21:00:46'),(43,'Brasil avança na parceria com a Suécia',NULL,'http://www.defesa.gov.br/noticias/31889-brasil-avanca-na-parceria-com-a-suecia',NULL,6,'2018-03-05 20:08:11','2018-03-05 21:00:46'),(44,'FAB integra aeronaves do Exército Brasileiro ao sistema Link BR‐1',NULL,'http://www.defesanet.com.br/ec725/noticia/26104/FAB-integra-aeronaves-do-Exercito-Brasileiro-ao-sistema-Link-BR-1-/',NULL,6,'2018-03-05 20:08:11','2018-03-05 21:00:46'),(45,'Dois primeiros KC‐390 serão recebidos em 2018',NULL,'http://www.defesanet.com.br/kc390/noticia/26080/Dois-primeiros-KC-390-serao-recebidos-em-2018/',NULL,6,'2018-03-05 20:08:11','2018-03-05 21:00:46'),(46,'Suspensão de visitas ínmas no Sistema Penitenciário Federal é prorrogad','<p>As visitas sociais s&oacute; podem ocorrer pelo parlat&oacute;rio, ou seja, sem contato f&iacute;sico entre o detento e o visitante, ou por meio de videoconfer&ecirc;ncia</p>','http://www.justica.gov.br/noticias/suspensao-de-visitas-intimas-no-sistema-penitenciario-federal-e-prorrogada-por-30-dias/view','https://conteudo.imguol.com.br/c/noticias/62/2017/02/17/17fev2017---foto-de-arquivo-do-presidio-federal-de-catanduvas-pr-1487369447777_615x300.jpg',7,'2018-03-05 21:28:11','2018-03-05 21:28:11'),(47,'Atlas da Violência 2017 - Infográfic','<p>A publica&ccedil;&atilde;o analisa o fen&ocirc;meno dos homic&iacute;dios por regi&otilde;es, unidades federativas e munic&iacute;pios e tamb&eacute;m por grupos demogr&aacute;ficos de interesse como jovens, negros e mulheres.</p>','http://www.forumseguranca.org.br/wp-content/uploads/2017/06/FBSP_atlas_da_violencia_2017_infografico.pdf','http://acspa.com.br/wp-content/uploads/2017/07/mapadaviolencia2017.jpg',7,'2018-03-05 21:28:11','2018-03-05 21:28:11'),(48,'SAAB – Mistérios no Programa Gripen E','<p>A realiza&ccedil;&atilde;o do voo inaugural, no dia 15 de Junho, foi uma importante etapa no programa Gripen. Por&eacute;m, as a&ccedil;&otilde;es ap&oacute;s o voo pela administra&ccedil;&atilde;o da SAAB geram quest&otilde;es</p>','http://www.defesanet.com.br/gripenbrazil/noticia/26201/SAAB-%E2%80%93-Misterios-no-Programa-Gripen-E/','http://d30p9ca83oqyng.cloudfront.net/defesanet/site/upload/news_image/2017/06/36909_resize_620_380_true_false_null.jpg',7,'2018-03-05 21:28:11','2018-03-05 21:28:11'),(49,'KMW fecha novo contrato para modernização de blindados do Exército','<p>O Ex&eacute;rcito Brasileiro (EB) contratou a Krauss-Maffei Wegmann (KMW) para a moderniza&ccedil;&atilde;o de novo lote de blindados. O novo contrato, publicado no Di&aacute;rio Oficial em 17 de maio, prev&ecirc; manuten&ccedil;&atilde;o</p>','http://defesaeseguranca.com.br/kmw-fecha-novo-contrato-para-modernizacao-de-blindados-do-exercito/','http://defesaeseguranca.com.br/wp-content/uploads/leopard-2-702x336.jpg',7,'2018-03-05 21:28:11','2018-03-05 21:28:11'),(50,'Marinha do Brasil finaliza primeira etapa para construção das novas corveta',NULL,'https://www.portalmaritimo.com/2017/06/19/marinha-do-brasil-finaliza-primeira-etapa-para-construcao-das-novas-corvetas/',NULL,7,'2018-03-05 21:28:11','2018-03-05 21:28:11'),(51,'Servidores do Depen e especialistas debateram os efeitos da prisão de mãe',NULL,'http://www.justica.gov.br/noticias/servidores-do-depen-e-especialistas-debateram-os-efeitos-da-prisao-de-maes',NULL,7,'2018-03-05 21:28:11','2018-03-05 21:28:11'),(52,'Atlas da Violência 2017',NULL,'http://www.forumseguranca.org.br/publicacoes/atlas-da-violencia-2017/',NULL,7,'2018-03-05 21:28:11','2018-03-05 21:28:11'),(53,'FAB recebe seu primeiro SC-105 para SAR',NULL,'http://www.segurancaedefesa.com/index.php/using-joomla/extensions/components/content-component/article-categories/105-destaques/568-fab-recebe-seu-primeiro-sc-105-para-sar',NULL,7,'2018-03-05 21:28:11','2018-03-05 21:28:11'),(54,'EXÉRCITO esclarece doação de obuseiros M109 ex-US Arm',NULL,'http://defesaeseguranca.com.br/exercito-esclarece-doacao-obuseiros-m109-us-army/',NULL,7,'2018-03-05 21:28:11','2018-03-05 21:28:11'),(57,'Program Management Meeng de Offset do Projeto F-X2','<p>Evento realizado no Departamento de Ci&ecirc;ncia e Tecnologia Aeroespacial (DCTA) em S&atilde;o Jos&eacute; dos Campos, e que contou com a participa&ccedil;&atilde;o da empresa sueca Saab, respons&aacute;vel pelo fornecimento da nova gera&ccedil;&atilde;o do ca&ccedil;a Gripen</p>','http://tecnodefesa.com.br/program-management-meeting-de-offset-do-projeto-f-x2/','http://tecnodefesa.com.br/wp-content/uploads/2017/07/ska3212_2340x1316-696x392.jpg',9,'2018-03-05 21:44:31','2018-03-05 21:57:17'),(58,'Morteiro de 120 mm no VBTPMR 6×6 Guarani brasileiro','<p>As empresas ONIRIA e RUAG apresentaram o VRTS, sistema de realidade virtual para treinamentos (virtual reality training system) projetado para apoiar a instru&ccedil;&atilde;o de futuros operadores de morteiro pesado de 120 mm RUAG Cobra</p>','http://tecnodefesa.com.br/morteiro-de-120-mm-no-vbtp-mr-6x6-guarani-brasileiro/','http://tecnodefesa.com.br/wp-content/uploads/2017/06/RUAG_COBRA_Mortar_Test-696x463.jpg',9,'2018-03-05 21:44:32','2018-03-05 21:44:32'),(59,'Drones na Segurança Pública','<p>Uma grande vantagem da tecnologia dos drones &eacute; a facilidade com que podem ser operados. Ap&oacute;s um curso de oito horas em m&eacute;dia, com aulas te&oacute;ricas e pr&aacute;ticas, &eacute; poss&iacute;vel operar um RPA com seguran&ccedil;a seguindo todas as regras da ANAC</p>','http://www.administradores.com.br/artigos/tecnologia/drones-na-seguranca-publica/105745/','http://cdn.24.co.za/files/Cms/General/d/2726/a6cc5daf45194b319c79c9f3cf7f0364.jpg',9,'2018-03-05 21:44:32','2018-03-05 21:44:32'),(60,'Plano ainda não reduziu violência','<p>Para tentar conter o aumento desenfreado dos casos de viol&ecirc;ncia, a Secretaria de Estado da Seguran&ccedil;a P&uacute;blica e da Defesa Social (Sesed/RN) lan&ccedil;ou o Plano Estrat&eacute;gico de Seguran&ccedil;a P&uacute;blica (Planesp)</p>','http://www.tribunadonorte.com.br/noticia/plano-ainda-na-o-reduziu-viola-ncia/386229','http://arquivos.tribunadonorte.com.br/fotos/196759.jpg',9,'2018-03-05 21:44:32','2018-03-05 21:44:32'),(61,'FAB realiza maior ação de defesa da fronteira aérea',NULL,'http://brasil.estadao.com.br/noticias/geral,fab-realiza-maior-acao-de-defesa-da-fronteira-aerea,70001891931',NULL,9,'2018-03-05 21:44:32','2018-03-05 21:44:32'),(62,'Exército adota Fuzil IA2, com tecnologia 100% naciona',NULL,'http://www.defesanet.com.br/armas/noticia/26417/Exercito-adota-Fuzil-IA2--com-tecnologia-100--nacional-/',NULL,9,'2018-03-05 21:44:32','2018-03-05 21:44:32'),(63,'Operação Draga, da PF, invesga fraude em licitação no Porto de Itaqu',NULL,'http://www.correiobraziliense.com.br/app/noticia/brasil/2017/07/12/internas_polbraeco,609020/operacao-draga-da-pf-investiga-fraude-em-licitacao-no-porto-de-itaqu.shtml',NULL,9,'2018-03-05 21:44:32','2018-03-05 21:44:32'),(64,'Descomissionamento do NavioAeródromo \'São Paulo\' (A 12)',NULL,'http://www.defesaaereanaval.com.br/descomissionamento-do-navio-aerodromo-sao-paulo-a-12/',NULL,9,'2018-03-05 21:44:32','2018-03-05 21:45:14'),(65,'PF abandona operação com veículos aéreos não tripulados para combate ao crime organizado','<p>Avi&otilde;es est&atilde;o desmontados em hangar do Paran&aacute; e j&aacute; consumiram R$ 145 milh&otilde;es</p>','https://oglobo.globo.com/brasil/pf-abandona-operacao-com-veiculos-aereos-nao-tripulados-para-combate-ao-crime-organizado-21623662','https://ogimg.infoglobo.com.br/in/21623661-f0c-5cb/FT1086A/420/vant2.jpg',10,'2018-03-05 22:06:53','2018-03-05 22:06:53'),(66,'Força Nacional pede R$ 120 milhões e pode pedir a dispensa de 1.500 homens','<p>Coordenador da corpora&ccedil;&atilde;o pede R$ 120 milh&otilde;es para evitar a paralisa&ccedil;&atilde;o das atividades e a dispensa de 1.550 homens</p>','http://www.diariodepernambuco.com.br/app/noticia/brasil/2017/07/20/interna_brasil,714030/forca-nacional-pede-r-120-milhoes-e-pode-pedir-a-dispensa-de-1-500-ho.shtml','http://imagens.globoradio.globo.com/cbn/fotos/uploads2015/89445/rc_forca-nacional-seguranca-assume-seguranca-areas-competicoes-rio-2016_01107052016jpg_610x340.jpg',10,'2018-03-05 22:06:53','2018-03-05 22:06:53'),(67,'Mesmo sem porta-aviões, marinha do brasil segue interessada no gripen naval','<p>For&ccedil;a naval atribui um oficial ao comit&ecirc; da FAB para acompanhar a aquisi&ccedil;&atilde;o do Gripen NG</p>','http://airway.uol.com.br/mesmo-sem-porta-avioes-marinha-do-brasil-segue-interessada-no-gripen-naval/','https://airway.uol.com.br/wp-content/uploads/2015/07/S%C3%A3o-Paulo-A-121.jpg',10,'2018-03-05 22:06:53','2018-03-05 22:06:53'),(68,'Guarani UT-30BR - Aumento de capacidade operacional','<p>Ex&eacute;rcito come&ccedil;a a receber viaturas blindadas Guarani equipadas com a torre n&atilde;o tripulada UT-30BR</p>','http://www.defesanet.com.br/guarani/noticia/26495/Guarani-UT-30BR---Aumento-de-capacidade-operacional-/','http://d30p9ca83oqyng.cloudfront.net/defesanet/site/upload/news_image/2017/07/37236_resize_620_380_true_false_null.jpg',10,'2018-03-05 22:06:53','2018-03-05 22:06:53'),(69,'Presídio de Araguari receberá programa para reinserção de detento',NULL,'http://g1.globo.com/minas-gerais/triangulo-mineiro/noticia/presidio-de-araguari-recebera-programa-para-reinsercao-de-detento.ghtml',NULL,10,'2018-03-05 22:06:53','2018-03-05 22:06:53'),(70,'Ações das Forças Armadas serão feitas de surpresa no Rio, diz Jungmann',NULL,'http://agenciabrasil.ebc.com.br/geral/noticia/2017-07/acoes-das-forcas-armadas-serao-feitas-de-surpresa-no-rio-diz-jungmann',NULL,10,'2018-03-05 22:06:53','2018-03-05 22:06:53'),(71,'Delegacias de 54 dos 62 municípios do Amazonas funcionam como presídios',NULL,'http://agenciabrasil.ebc.com.br/geral/noticia/2017-07/delegacias-de-54-dos-62-municipios-do-amazonas-funcionam-como-presidios',NULL,10,'2018-03-05 22:06:53','2018-03-05 22:06:53'),(72,'Consulta pública reúne sugestões para políca de defesa nacional',NULL,'http://www.brasil.gov.br/defesa-e-seguranca/2017/07/consulta-publica-reune-sugestoes-sobre-politica-de-defesa-nacional',NULL,10,'2018-03-05 22:06:53','2018-03-05 22:06:53'),(73,'Falência na área de Segurança é dramática',NULL,'http://odia.ig.com.br/rio-de-janeiro/2017-07-20/falencia-na-area-de-seguranca-e-dramatica.html',NULL,10,'2018-03-05 22:06:53','2018-03-05 22:06:53'),(74,'OGMA envia peças para montar segunda aeronave militar KC-390 no Brasil','<p>Empresa de Alverca &eacute; respons&aacute;vel pelo fabrico da fuselagem central das aeronaves que j&aacute; est&atilde;o a ser produzidas em s&eacute;rie</p>','http://www.defesanet.com.br/kc390/noticia/26562/OGMA-envia-pecas-para-montar-segunda-aeronave-militar-KC-390-no-Brasil/','http://d30p9ca83oqyng.cloudfront.net/defesanet/site/upload/news_image/2017/07/37293_resize_620_380_true_false_null.jpg',11,'2018-03-05 22:13:42','2018-03-05 22:13:42'),(75,'Comando Militar do Leste ainda não recebeu orientação sobre Plano Nacional de Segurança','<p>RIO &mdash; Ap&oacute;s o Governo Federal anunciar, na sexta-feira passada, a possibilidade de liberar militares das For&ccedil;as Armadas para opera&ccedil;&otilde;es pontuais no Rio, o Comando Militar do Leste (CML) informou</p>','https://forcamilitar.com.br/2017/07/25/comando-militar-do-leste-ainda-nao-recebeu-orientacao-sobre-plano-nacional-de-seguranca/','https://forcamilitar.com.br/wp-content/uploads/2017/07/xexercito.jpg.pagespeed.ic_.a8Mg9zmIK1-678x381.jpg',11,'2018-03-05 22:13:42','2018-03-05 22:13:42'),(76,'Departamento Penitenciário Nacional não tem controle sobre sistema carcerário brasileiro','<p>Projetos para constru&ccedil;&otilde;es de novas cadeias e para implanta&ccedil;&atilde;o de tornozeleiras eletr&ocirc;nicas sofrem dificuldades para serem implantados mesmo com recursos dispon&iacute;veis</p>','https://ndonline.com.br/florianopolis/noticias/departamento-penitenciario-nacional-nao-tem-controle-sobre-sistema-carcerario-brasileiro','https://app1.ndonline.com.br/files/images/2017/07/cropped/bf1d22ac7fe2bddd64fd6ab3df23fcea26696665.jpg',11,'2018-03-05 22:13:42','2018-03-05 22:13:42'),(77,'Estudo realizado pela UFSC aponta superfaturamento na construção de presídios pré- moldados','<p>Or&ccedil;ado em R$ 1,1 bi para diminuir de d&eacute;ficit nas cadeias, o PNASP s&oacute; criou mil vagas das 45 mil previstas no programa</p>','https://ndonline.com.br/florianopolis/noticias/estudo-realizado-pela-ufsc-aponta-superfaturamento-na-construcao-de-presidios-pre-moldados','https://app1.ndonline.com.br/files/images/2017/07/cropped/502b119d8c299395331cd2ac1d8aba085ae81150.jpg',11,'2018-03-05 22:13:42','2018-03-05 22:13:42'),(78,'Carceragem explosiva',NULL,'http://zh.clicrbs.com.br/rs/opiniao/noticia/2017/07/carceragem-explosiva-9850906.html',NULL,11,'2018-03-05 22:13:42','2018-03-05 22:13:42'),(79,'Empresa realiza voo de primeiro dirigível tripulado construído na América Latina',NULL,'http://www.defesa.gov.br/noticias/33377-empresa-realiza-voo-de-primeiro-dirigivel-tripulado-construido-na-america-latina',NULL,11,'2018-03-05 22:13:42','2018-03-05 22:13:42'),(80,'Criação de vagas em cadeias ficou aquém da meta',NULL,'http://www.correiobraziliense.com.br/app/noticia/brasil/2017/07/24/internas_polbraeco,612107/criacao-de-vagas-em-cadeias-ficou-aquem-da-meta.shtml',NULL,11,'2018-03-05 22:13:42','2018-03-05 22:13:42'),(81,'Dados sobre o sistema carcerário brasileiro não são confiáveis, diz relatório da CGU',NULL,'http://www.conjur.com.br/2017-jul-24/dados-sistema-carcerario-brasileiro-nao-sao-confiaveis-cgu?utm_source=dlvr.it&utm_medium=facebook',NULL,11,'2018-03-05 22:13:42','2018-03-05 22:13:42'),(82,'Força de Intervenção Penitenciária permanece em Alcaçuz por mais 90 dias',NULL,'http://www.justica.gov.br/noticias/forca-de-intervencao-penitenciaria-permanece-em-alcacuz-por-mais-90-dias',NULL,11,'2018-03-05 22:13:42','2018-03-05 22:13:42'),(83,'Governo quer mudar leis de segurança pública para combater crime organizado','<p>O governo do presidente Michel Temer (PMDB) prepara um pacote legislativo com mudan&ccedil;as na seguran&ccedil;a p&uacute;blica para combater o crime organizado, informou o ministro do GSI (Gabinete de Seguran&ccedil;a Institucional)</p>','https://noticias.uol.com.br/politica/ultimas-noticias/2017/08/08/governo-quer-ludar-leis-de-seguranca-publica-para-combater-crime-organizado.htm','https://conteudo.imguol.com.br/c/noticias/7b/2017/08/05/operacao-faz-parte-da-segunda-fase-do-plano-nacional-de-seguranca-no-rio-1501970605933_615x300.jpg',12,'2018-03-05 22:22:29','2018-03-05 22:22:29'),(84,'CNJ apresenta novo sistema digital para cadastro de presos e foragidos','<p>Uma nova ferramenta digital desenvolvida pelo Conselho Nacional de Justi&ccedil;a (CNJ) vai permitir aos ju&iacute;zes acompanhar cada passo das pessoas presas no sistema carcer&aacute;rio e, tamb&eacute;m, o n&uacute;mero de condenados foragidos</p>','http://www.cnj.jus.br/noticias/cnj/85075-sistema-digital-do-cnj-vai-cadastrar-presos-e-foragidos-da-justica','http://www.cnj.jus.br/files/conteudo/imagem/2017/07/1bdc460bee28eb808e14218cc1e76ed6.jpg',12,'2018-03-05 22:22:29','2018-03-05 22:22:29'),(85,'Forças Armadas sofrem corte de 44% dos recursos','<p>Em meio &agrave; discurs&atilde;o da mudan&ccedil;a da meta fiscal e de corte de gastos, as For&ccedil;as Armadas pressionam pela recomposi&ccedil;&atilde;o no Or&ccedil;amento, que nos &uacute;ltimos anos sofreu redu&ccedil;&atilde;o de 44,5%</p>','http://www.defesaaereanaval.com.br/forcas-armadas-sofrem-corte-de-44-dos-recursos/','https://abrilveja.files.wordpress.com/2017/07/patrulha-forcas-armadas-seguranca-rio-20170729-0002.jpg',12,'2018-03-05 22:22:30','2018-03-05 22:22:30'),(86,'Novo Airbus C295 de Busca e Resgate da FAB chega ao Brasil','<p>O C295 SAR brasileiro passou por quatro continentes antes de chegar ao Brasil (Airbus)</p>','http://airway.uol.com.br/novo-airbus-c295-de-busca-e-resgate-da-fab-chega-ao-brasil/','https://airway.uol.com.br/wp-content/uploads/2017/06/C295_FAB_01-960x640.jpg',12,'2018-03-05 22:22:30','2018-03-05 22:22:30'),(87,'Segurança Pública herdará estrutura da exnta pasta de Grandes Eventos, diz MJ',NULL,'http://g1.globo.com/politica/noticia/seguranca-publica-herdara-estrutura-da-extinta-pasta-de-grandes-eventos-diz-mj.ghtml',NULL,12,'2018-03-05 22:22:30','2018-03-05 22:22:30'),(88,'Segurança pública: solução depende de parcipação social',NULL,'http://www12.senado.leg.br/noticias/especiais/especial-cidadania/seguranca-publica-solucao-depende-de-participacao-social',NULL,12,'2018-03-05 22:22:30','2018-03-05 22:22:30'),(89,'Cármen Lúcia conta com o apoio da Jusça Federal para implantar BNMP 2.0',NULL,'http://www.cnj.jus.br/noticias/cnj/85207-carmen-lucia-conta-com-o-apoio-da-justica-federal-para-implantar-bnmp-2-0',NULL,12,'2018-03-05 22:22:30','2018-03-05 22:22:30'),(90,'Comandante do Exército cobra apoio jurídico a militares que atuam no',NULL,'https://extra.globo.com/noticias/rio/comandante-do-exercito-cobra-apoio-juridico-militares-que-atuam-no-rio-21685183.html',NULL,12,'2018-03-05 22:22:30','2018-03-05 22:22:30'),(91,'o Marinha do Brasil testa novos procedimentos de ataque',NULL,'http://airway.uol.com.br/marinha-do-brasil-testa-novos-procedimentos-de-ataque/',NULL,12,'2018-03-05 22:22:30','2018-03-05 22:22:30');
/*!40000 ALTER TABLE `tb_noticia` ENABLE KEYS */;
UNLOCK TABLES;

--
-- Table structure for table `tb_orientacao`
--

DROP TABLE IF EXISTS `tb_orientacao`;
/*!40101 SET @saved_cs_client     = @@character_set_client */;
/*!40101 SET character_set_client = utf8 */;
CREATE TABLE `tb_orientacao` (
  `id` int(10) unsigned NOT NULL AUTO_INCREMENT,
  `texto` varchar(1000) COLLATE utf8mb4_unicode_ci NOT NULL,
  `clipping_id` int(10) unsigned NOT NULL,
  `created_at` timestamp NULL DEFAULT NULL,
  `updated_at` timestamp NULL DEFAULT NULL,
  PRIMARY KEY (`id`),
  KEY `tb_orientacao_clipping_id_foreign` (`clipping_id`),
  CONSTRAINT `tb_orientacao_clipping_id_foreign` FOREIGN KEY (`clipping_id`) REFERENCES `tb_clipping` (`id`) ON DELETE CASCADE
) ENGINE=InnoDB AUTO_INCREMENT=12 DEFAULT CHARSET=utf8mb4 COLLATE=utf8mb4_unicode_ci;
/*!40101 SET character_set_client = @saved_cs_client */;

--
-- Dumping data for table `tb_orientacao`
--

LOCK TABLES `tb_orientacao` WRITE;
/*!40000 ALTER TABLE `tb_orientacao` DISABLE KEYS */;
INSERT INTO `tb_orientacao` VALUES (2,'<p><a href=\"http://portal.tcu.gov.br/lumis/portal/file/fileDownload.jsp?fileId=8A8182A25A29D4FC015A3842667131BE\" rel=\"noopener noreferrer\" target=\"_blank\">IN TCU 76/2016</a> - Altera a Instru&ccedil;&atilde;o Normativa - TCU n&ordm; 71, de 28 de novembro de 2012, que disp&otilde;e sobre a instaura&ccedil;&atilde;o, a organiza&ccedil;&atilde;o e o encaminhamento ao Tribunal de Contas da Uni&atilde;o dos processos de tomada de contas especial.</p>',2,'2018-03-05 18:46:48','2018-03-05 18:46:48'),(4,'<p><a href=\"https://contas.tcu.gov.br/pls/apex/f?p=434:17:107248173124840:T:::P17_XCOD_REL_DET:6022\" rel=\"noopener noreferrer\" target=\"_blank\">Memorando‐Circular 29/2017</a>‐Segecex, de 19/05/2017. Divulga&ccedil;&atilde;o do item 9.5 do Ac&oacute;rd&atilde;o 914/2017‐TCU‐ Plen&aacute;rio:&quot;n&atilde;o compete &agrave;s unidades t&eacute;cnicas deixar de cumprir ac&oacute;rd&atilde;o a pretexto de error in judicando no voto aprovado pelo TCU</p>',4,'2018-03-05 19:09:18','2018-03-05 19:09:18'),(5,'<p><a href=\"http://www.planalto.gov.br/ccivil_03/_ato2015-2018/2017/Mpv/mpv781.htm#art3\" rel=\"noopener noreferrer\" target=\"_blank\">MEDIDA PROVIS&Oacute;RIA N&ordm; 781, DE 23 DE MAIO DE 2017</a> ‐ Altera a Lei Complementar n&ordm; 79, de 7 de janeiro de 1994, para dispor sobre a transfer&ecirc;ncia de recursos financeiros do Fundo Penitenci&aacute;rio Nacional ﴾...﴿</p>',5,'2018-03-05 19:30:26','2018-03-05 19:30:26'),(6,'<p><a href=\"https://contas.tcu.gov.br/pls/apex/f?p=434:17:4913232562061:T:::P17_XCOD_REL_DET:6082\" rel=\"noopener noreferrer\" target=\"_blank\">Memorando‐Circular 31/2017‐Segecex</a>, de 02/06/2017. Edi&ccedil;&atilde;o do relat&oacute;rio de auditoria gerado pelo Fiscalis 2015&nbsp;</p><p><a href=\"http://portal.tcu.gov.br/lumis/portal/file/fileDownload.jsp?fileId=8A8182A258FE9A840159039C79175D05\" rel=\"noopener noreferrer\" target=\"_blank\">Manual de Acompanhamento publicado</a></p><p><a href=\"http://portal.tcu.gov.br/lumis/portal/file/fileDownload.jsp?fileId=8A8182A258FE9A840159039CFEEE5F8F\" rel=\"noopener noreferrer\" target=\"_blank\">Fluxo do acompanhamento do tipo Racom</a></p>',6,'2018-03-05 20:08:10','2018-03-05 20:09:35'),(7,'<p><a href=\"https://contas.tcu.gov.br/pls/apex/f?p=434:17:13665977514403:T:::P17_XCOD_REL_DET:6142\" rel=\"noopener noreferrer\" target=\"_blank\">Memorando-Circular 35/2017</a>-Segecex, de 21/06/2017.&nbsp;</p><p><a href=\"http://portal.tcu.gov.br/controle-externo/procedimentos-e-normas-processuais/informativo-orientar/beneficios-de-controle-volume-de-recursos-fiscalizados-vrf.htm\" rel=\"noopener noreferrer\" target=\"_blank\">Benef&iacute;cios de controle - Volume de Recursos Fiscalizados (VRF)</a></p>',7,'2018-03-05 21:28:11','2018-03-05 21:28:11'),(8,'<p><a href=\"https://contas.tcu.gov.br/ords/f?p=434:17:15336360132810:T:::P17_XCOD_REL_DET:6162\" rel=\"noopener noreferrer\" target=\"_blank\"><em>Memorando-Circular 36/2017-Segecex, de 22/06/2017.&nbsp;</em></a></p><p>Normas de Fiscaliza&ccedil;&atilde;o:&nbsp;</p><p><strong>Acompanhamento</strong></p><p>Acompanhamento em uma p&aacute;gina - Saiba Mais&nbsp;</p><p><a href=\"http://portal.tcu.gov.br/lumis/portal/file/fileDownload.jsp?fileId=8A8182A258FE9A840159039CFEEE5F8F\" rel=\"noopener noreferrer\" target=\"_blank\">Fluxo do acompanhamento do tipo Aco</a></p>',9,'2018-03-05 21:44:32','2018-03-05 21:44:32'),(9,'<p><a href=\"http://www.agu.gov.br/page/content/detail/id_conteudo/578607\" rel=\"noopener noreferrer\" target=\"_blank\">AGU atualiza modelos de editais de licita&ccedil;&otilde;es utilizados pela administra&ccedil;&atilde;o p&uacute;blica</a></p>',10,'2018-03-05 22:06:53','2018-03-05 22:06:53'),(10,'<p><a href=\"http://portal.tcu.gov.br/lumis/portal/file/fileDownload.jsp?fileId=8A8182A14D8D5AA6014D8D81DFAD485C\" rel=\"noopener noreferrer\" target=\"_blank\">Padr&otilde;es de Levantamento</a></p><p>A Portaria Segecex 15/2011 disciplina a realiza&ccedil;&atilde;o de levantamentos e aprova, preliminarmente, os Padr&otilde;es de Levantamento.</p>',11,'2018-03-05 22:13:42','2018-03-05 22:14:13'),(11,'<p>Auditoria de Conformidade&nbsp;</p><p><a href=\"http://portal.tcu.gov.br/lumis/portal/file/fileDownload.jsp?fileId=8A8182A259ADCD370159B2FD99B04042\" rel=\"noopener noreferrer\" target=\"_blank\">Padr&otilde;es de Auditoria de Conformidade (PAC) </a></p><p><a href=\"http://portal.tcu.gov.br/lumis/portal/file/fileDownload.jsp?fileId=8A8182A259ADCD370159B3013CB05B41\" rel=\"noopener noreferrer\" target=\"_blank\">Orienta&ccedil;&otilde;es para Auditoria de Conformidade (OAC)</a></p>',12,'2018-03-05 22:22:30','2018-03-05 22:22:30');
/*!40000 ALTER TABLE `tb_orientacao` ENABLE KEYS */;
UNLOCK TABLES;

--
-- Table structure for table `users`
--

DROP TABLE IF EXISTS `users`;
/*!40101 SET @saved_cs_client     = @@character_set_client */;
/*!40101 SET character_set_client = utf8 */;
CREATE TABLE `users` (
  `id` int(10) unsigned NOT NULL AUTO_INCREMENT,
  `name` varchar(255) COLLATE utf8mb4_unicode_ci NOT NULL,
  `email` varchar(255) COLLATE utf8mb4_unicode_ci NOT NULL,
  `password` varchar(255) COLLATE utf8mb4_unicode_ci NOT NULL,
  `remember_token` varchar(100) COLLATE utf8mb4_unicode_ci DEFAULT NULL,
  `created_at` timestamp NULL DEFAULT NULL,
  `updated_at` timestamp NULL DEFAULT NULL,
  PRIMARY KEY (`id`),
  UNIQUE KEY `users_email_unique` (`email`)
) ENGINE=InnoDB DEFAULT CHARSET=utf8mb4 COLLATE=utf8mb4_unicode_ci;
/*!40101 SET character_set_client = @saved_cs_client */;

--
-- Dumping data for table `users`
--

LOCK TABLES `users` WRITE;
/*!40000 ALTER TABLE `users` DISABLE KEYS */;
/*!40000 ALTER TABLE `users` ENABLE KEYS */;
UNLOCK TABLES;
/*!40103 SET TIME_ZONE=@OLD_TIME_ZONE */;

/*!40101 SET SQL_MODE=@OLD_SQL_MODE */;
/*!40014 SET FOREIGN_KEY_CHECKS=@OLD_FOREIGN_KEY_CHECKS */;
/*!40014 SET UNIQUE_CHECKS=@OLD_UNIQUE_CHECKS */;
/*!40101 SET CHARACTER_SET_CLIENT=@OLD_CHARACTER_SET_CLIENT */;
/*!40101 SET CHARACTER_SET_RESULTS=@OLD_CHARACTER_SET_RESULTS */;
/*!40101 SET COLLATION_CONNECTION=@OLD_COLLATION_CONNECTION */;
/*!40111 SET SQL_NOTES=@OLD_SQL_NOTES */;

-- Dump completed on 2018-03-05 18:19:04
